Bus_orgId,Bus_orgName,Bus_orgFullName,Bus_orgDescription,Bus_orgEffectiveDate,Bus_orgExpirationDate,Bus_orgTypeId,Bus_orgTypeName,Bus_orgPathTxt,Bus_orgContextName,Bus_orgLocationCategory,Bus_orgBreak0,Bus_orgBreak1,Bus_orgBreak2,Bus_orgBreak3,Bus_orgBreak4,Bus_orgBreak5,Bus_orgBreak6,Bus_orgBreak7,Bus_orgBreak8,Bus_orgBreak9,Bus_orgBreak10,Bus_orgBreak11,Bus_orgBreak12,Bus_orgBreak13,Bus_orgBreak14,Bus_orgBreak15,Bus_orgBreak16,Bus_orgBreak17,Bus_orgBreak18,Bus_orgBreak19,Bus_orgBreak20,Bus_orgBreak21,Bus_orgBreak22,Bus_orgBreak23,Bus_orgBreak24,Bus_orgBreak25,Bus_orgBreak0Desc,Bus_orgBreak1Desc,Bus_orgBreak2Desc,Bus_orgBreak3Desc,Bus_orgBreak4Desc,Bus_orgBreak5Desc,Bus_orgBreak6Desc,Bus_orgBreak7Desc,Bus_orgBreak8Desc,Bus_orgBreak9Desc,Bus_orgBreak10Desc,Bus_orgBreak11Desc,Bus_orgBreak12Desc,Bus_orgBreak13Desc,Bus_orgBreak14Desc,Bus_orgBreak15Desc,Bus_orgBreak16Desc,Bus_orgBreak17Desc,Bus_orgBreak18Desc,Bus_orgBreak19Desc,Bus_orgBreak20Desc,Bus_orgBreak21Desc,Bus_orgBreak22Desc,Bus_orgBreak23Desc,Bus_orgBreak24Desc,Bus_orgBreak25Desc,Bus_directWorkPercent,Bus_indirectWorkPercent
75,PRYOR 5280,PRYOR 5280,Hillcrest Hospital Pryor,1900-01-01,3000-01-01,5,Facility,AHS/OK/OK/PRYOR 5280,ORG,Site,AHS,OK,OK,PRYOR 5280,,,,,,,,,,,,,,,,,,,,,,,Ardent,Oklahoma Division,Oklahoma,Hillcrest Hospital Pryor,,,,,,,,,,,,,,,,,,,,,,,,
389,Medical,Medical,Medical,1900-01-01,3000-01-01,6,Service Line,AHS/TX/ETX/UTT 5506/Medical,ORG,,AHS,TX,ETX,UTT 5506,Medical,,,,,,,,,,,,,,,,,,,,,,Ardent,Texas Division,East Texas,UT Health HealthFirst,Medical,,,,,,,,,,,,,,,,,,,,,,,
434,ES,ES,Emergency Services,1900-01-01,3000-01-01,6,Service Line,AHS/OK/OK/BMC 5260/ES,ORG,,AHS,OK,OK,BMC 5260,ES,,,,,,,,,,,,,,,,,,,,,,Ardent,Oklahoma Division,Oklahoma,Bailey Medical Center,Emergency Services,,,,,,,,,,,,,,,,,,,,,,,
467,CC,CC,Critical Care,1900-01-01,3000-01-01,6,Service Line,AHS/OK/OK/BMC 5260/CC,ORG,,AHS,OK,OK,BMC 5260,CC,,,,,,,,,,,,,,,,,,,,,,Ardent,Oklahoma Division,Oklahoma,Bailey Medical Center,Critical Care,,,,,,,,,,,,,,,,,,,,,,,
600,Medical,Medical,Medical,1900-01-01,3000-01-01,6,Service Line,AHS/AMER/TX/ADC 5327/Medical,ORG,,AHS,AMER,TX,ADC 5327,Medical,,,,,,,,,,,,,,,,,,,,,,Ardent,Americas Division,Texas,Amarillo Diagnostic Clinic - ML,Medical,,,,,,,,,,,,,,,,,,,,,,,
606,Cardiac,Cardiac,Cardiac Services,1900-01-01,3000-01-01,6,Service Line,AHS/AMER/NJ/PV 5440/Cardiac,ORG,,AHS,AMER,NJ,PV 5440,Cardiac,,,,,,,,,,,,,,,,,,,,,,Ardent,Americas Division,New Jersery,Hackensack Meridian Health at Pascack Valley,Cardiac Services,,,,,,,,,,,,,,,,,,,,,,,
713,Admin,Admin,Administration,1900-01-01,3000-01-01,6,Service Line,AHS/TX/ETX/UTPHY 5552/Admin,ORG,,AHS,TX,ETX,UTPHY 5552,Admin,,,,,,,,,,,,,,,,,,,,,,Ardent,Texas Division,East Texas,UTHET Physician Group - ML,Administration,,,,,,,,,,,,,,,,,,,,,,,
819,HIM - Hospital Coding - 9283,HIM - Hospital Coding - 9283,HIM - Hospital Coding - 9283,1900-01-01,3000-01-01,4,Unit,AHS/TX/ETX/UTT 5500/OPS/HIM - Hospital Coding - 9283,ORG,Department,AHS,TX,ETX,UTT 5500,OPS,HIM - Hospital Coding - 9283,,,,,,,,,,,,,,,,,,,,,Ardent,Texas Division,East Texas,UT Health Tyler,Operations,HIM - Hospital Coding - 9283,,,,,,,,,,,,,,,,,,,,,,
832,Employee Health - 9249,Employee Health - 9249,Employee Health - 9249,1900-01-01,3000-01-01,4,Unit,AHS/TX/ETX/ETHS 5501/OPS/Employee Health - 9249,ORG,Department,AHS,TX,ETX,ETHS 5501,OPS,Employee Health - 9249,,,,,,,,,,,,,,,,,,,,,Ardent,Texas Division,East Texas,East Texas Health System,Operations,Employee Health - 9249,,,,,,,,,,,,,,,,,,,,,,
1036,EMS - ALTO - 7928,EMS - ALTO - 7928,EMS - ALTO - 7928,1900-01-01,3000-01-01,4,Unit,AHS/TX/ETX/UTT 5504/Ems/EMS - ALTO - 7928,ORG,Department,AHS,TX,ETX,UTT 5504,Ems,EMS - ALTO - 7928,,,,,,,,,,,,,,,,,,,,,Ardent,Texas Division,East Texas,UT Health Tyler - EMS,Ems,EMS - ALTO - 7928,,,,,,,,,,,,,,,,,,,,,,
1534,Environmental Services - 9012,Environmental Services - 9012,Environmental Services - 9012,1900-01-01,3000-01-01,4,Unit,AHS/OK/OK/HEN 5230/SS/Environmental Services - 9012,ORG,Department,AHS,OK,OK,HEN 5230,SS,Environmental Services - 9012,,,,,,,,,,,,,,,,,,,,,Ardent,Oklahoma Division,Oklahoma,Hillcrest Hospital Henryetta,Support Services,Environmental Services - 9012,,,,,,,,,,,,,,,,,,,,,,
1718,WOOD LAUREN ARNP - 4239,WOOD LAUREN ARNP - 4239,WOOD LAUREN ARNP - 4239,1900-01-01,3000-01-01,4,Unit,AHS/OK/OK/OPG 5254/Medical/WOOD LAUREN ARNP - 4239,ORG,Department,AHS,OK,OK,OPG 5254,Medical,WOOD LAUREN ARNP - 4239,,,,,,,,,,,,,,,,,,,,,Ardent,Oklahoma Division,Oklahoma,OK Physician Group - ML,Medical,WOOD LAUREN ARNP - 4239,,,,,,,,,,,,,,,,,,,,,,
1958,Accounting - 9202,Accounting - 9202,Accounting - 9202,1900-01-01,3000-01-01,4,Unit,AHS/TX/ETX/UTT 5506/OPS/Accounting - 9202,ORG,Department,AHS,TX,ETX,UTT 5506,OPS,Accounting - 9202,,,,,,,,,,,,,,,,,,,,,Ardent,Texas Division,East Texas,UT Health HealthFirst,Operations,Accounting - 9202,,,,,,,,,,,,,,,,,,,,,,
2069,NEWNAM MICHAEL B. MD - 4596,NEWNAM MICHAEL B. MD - 4596,NEWNAM MICHAEL B. MD - 4596,1900-01-01,3000-01-01,4,Unit,AHS/OK/OK/OHI 5202/Medical/NEWNAM MICHAEL B. MD - 4596,ORG,Department,AHS,OK,OK,OHI 5202,Medical,NEWNAM MICHAEL B. MD - 4596,,,,,,,,,,,,,,,,,,,,,Ardent,Oklahoma Division,Oklahoma,Oklahoma Heart Institute - PHY,Medical,NEWNAM MICHAEL B. MD - 4596,,,,,,,,,,,,,,,,,,,,,,
2115,Nursing Administration - 9276,Nursing Administration - 9276,Nursing Administration - 9276,1900-01-01,3000-01-01,4,Unit,AHS/TX/ETX/UTP 5535/NA/Nursing Administration - 9276,ORG,Department,AHS,TX,ETX,UTP 5535,NA,Nursing Administration - 9276,,,,,,,,,,,,,,,,,,,,,Ardent,Texas Division,East Texas,UT Health Pittsburg,Nursing Admin,Nursing Administration - 9276,,,,,,,,,,,,,,,,,,,,,,
2364,Electroencephalography-EEG - 5054,Electroencephalography-EEG - 5054,Electroencephalography-EEG - 5054,1900-01-01,3000-01-01,4,Unit,AHS/AMER/NJ/PV 5440/Rad/Electroencephalography-EEG - 5054,ORG,Department,AHS,AMER,NJ,PV 5440,Rad,Electroencephalography-EEG - 5054,,,,,,,,,,,,,,,,,,,,,Ardent,Americas Division,New Jersery,Hackensack Meridian Health at Pascack Valley,Radiology,Electroencephalography-EEG - 5054,,,,,,,,,,,,,,,,,,,,,,
2421,Administration - 9208,Administration - 9208,Administration - 9208,1900-01-01,3000-01-01,4,Unit,AHS/AMER/TX/BSAHS 1301/Admin/Administration - 9208,ORG,Department,AHS,AMER,TX,BSAHS 1301,Admin,Administration - 9208,,,,,,,,,,,,,,,,,,,,,Ardent,Americas Division,Texas,BSA Health System,Administration,Administration - 9208,,,,,,,,,,,,,,,,,,,,,,
2441,WILLEMS LAUREN APRN-CNP - 6916,WILLEMS LAUREN APRN-CNP - 6916,WILLEMS LAUREN APRN-CNP - 6916,1900-01-01,3000-01-01,4,Unit,AHS/OK/OK/OHI 5201/Medical/WILLEMS LAUREN APRN-CNP - 6916,ORG,Department,AHS,OK,OK,OHI 5201,Medical,WILLEMS LAUREN APRN-CNP - 6916,,,,,,,,,,,,,,,,,,,,,Ardent,Oklahoma Division,Oklahoma,Oklahoma Heart Institute,Medical,WILLEMS LAUREN APRN-CNP - 6916,,,,,,,,,,,,,,,,,,,,,,
2476,Nuclear Cardiology B - 5115,Nuclear Cardiology B - 5115,Nuclear Cardiology B - 5115,1900-01-01,3000-01-01,4,Unit,AHS/OK/OK/HMC 5200/Rad/Nuclear Cardiology B - 5115,ORG,Department,AHS,OK,OK,HMC 5200,Rad,Nuclear Cardiology B - 5115,,,,,,,,,,,,,,,,,,,,,Ardent,Oklahoma Division,Oklahoma,Hillcrest Medical Center,Radiology,Nuclear Cardiology B - 5115,,,,,,,,,,,,,,,,,,,,,,
2501,SUROWIAK SHAY APRN-CNP - 4334,SUROWIAK SHAY APRN-CNP - 4334,SUROWIAK SHAY APRN-CNP - 4334,1900-01-01,3000-01-01,4,Unit,AHS/OK/OK/OPG 5254/Medical/SUROWIAK SHAY APRN-CNP - 4334,ORG,Department,AHS,OK,OK,OPG 5254,Medical,SUROWIAK SHAY APRN-CNP - 4334,,,,,,,,,,,,,,,,,,,,,Ardent,Oklahoma Division,Oklahoma,OK Physician Group - ML,Medical,SUROWIAK SHAY APRN-CNP - 4334,,,,,,,,,,,,,,,,,,,,,,
2533,Administration - 9208,Administration - 9208,Administration - 9208,1900-01-01,3000-01-01,4,Unit,AHS/TX/ETX/UTT 5500/Admin/Administration - 9208,ORG,Department,AHS,TX,ETX,UTT 5500,Admin,Administration - 9208,,,,,,,,,,,,,,,,,,,,,Ardent,Texas Division,East Texas,UT Health Tyler,Administration,Administration - 9208,,,,,,,,,,,,,,,,,,,,,,
2544,TREAT CHRISTOPHER DO - 4955,TREAT CHRISTOPHER DO - 4955,TREAT CHRISTOPHER DO - 4955,1900-01-01,3000-01-01,4,Unit,AHS/OK/OK/UPC 5251/Medical/TREAT CHRISTOPHER DO - 4955,ORG,Department,AHS,OK,OK,UPC 5251,Medical,TREAT CHRISTOPHER DO - 4955,,,,,,,,,,,,,,,,,,,,,Ardent,Oklahoma Division,Oklahoma,Utica Park Clinic,Medical,TREAT CHRISTOPHER DO - 4955,,,,,,,,,,,,,,,,,,,,,,
2571,HUDSPETH MONICA NP - 7509,HUDSPETH MONICA NP - 7509,HUDSPETH MONICA NP - 7509,1900-01-01,3000-01-01,4,Unit,AHS/TX/ETX/UTPHY 5552/Medical/HUDSPETH MONICA NP - 7509,ORG,Department,AHS,TX,ETX,UTPHY 5552,Medical,HUDSPETH MONICA NP - 7509,,,,,,,,,,,,,,,,,,,,,Ardent,Texas Division,East Texas,UTHET Physician Group - ML,Medical,HUDSPETH MONICA NP - 7509,,,,,,,,,,,,,,,,,,,,,,
2625,LEIGHTON-SEIFFER HARMONY MD - 3843,LEIGHTON-SEIFFER HARMONY MD - 3843,LEIGHTON-SEIFFER HARMONY MD - 3843,1900-01-01,3000-01-01,4,Unit,AHS/AMER/NJ/MPV 5445/Medical/LEIGHTON-SEIFFER HARMONY MD - 3843,ORG,Department,AHS,AMER,NJ,MPV 5445,Medical,LEIGHTON-SEIFFER HARMONY MD - 3843,,,,,,,,,,,,,,,,,,,,,Ardent,Americas Division,New Jersery,MPV New Jersey MD Services,Medical,LEIGHTON-SEIFFER HARMONY MD - 3843,,,,,,,,,,,,,,,,,,,,,,
2949,Cardiac Rehab Unit A - 5018,Cardiac Rehab Unit A - 5018,Cardiac Rehab Unit A - 5018,1900-01-01,3000-01-01,4,Unit,AHS/AMER/TX/BSA 5300/Cardiac/Cardiac Rehab Unit A - 5018,ORG,Department,AHS,AMER,TX,BSA 5300,Cardiac,Cardiac Rehab Unit A - 5018,,,,,,,,,,,,,,,,,,,,,Ardent,Americas Division,Texas,BSA Hospital,Cardiac Services,Cardiac Rehab Unit A - 5018,,,,,,,,,,,,,,,,,,,,,,
2951,MedSurg - 3 North B - 1106,MedSurg - 3 North B - 1106,MedSurg - 3 North B - 1106,1900-01-01,3000-01-01,4,Unit,AHS/TX/ETX/UTT 5500/Med-Surg/MedSurg - 3 North B - 1106,ORG,Department,AHS,TX,ETX,UTT 5500,Med-Surg,MedSurg - 3 North B - 1106,,,,,,,,,,,,,,,,,,,,,Ardent,Texas Division,East Texas,UT Health Tyler,Medical-Surgical,MedSurg - 3 North B - 1106,,,,,,,,,,,,,,,,,,,,,,
3072,Medical Physiology - 5053,Medical Physiology - 5053,Medical Physiology - 5053,1900-01-01,3000-01-01,4,Unit,AHS/AMER/TX/ADC 5325/Ancillary/Medical Physiology - 5053,ORG,Department,AHS,AMER,TX,ADC 5325,Ancillary,Medical Physiology - 5053,,,,,,,,,,,,,,,,,,,,,Ardent,Americas Division,Texas,Amarillo Diagnostic Clinic,Ancillary,Medical Physiology - 5053,,,,,,,,,,,,,,,,,,,,,,
3266,Case Management Acute Care - 9302,Case Management Acute Care - 9302,Case Management Acute Care - 9302,1900-01-01,3000-01-01,4,Unit,AHS/TX/ETX/UTJ 5530/Quality/Case Management Acute Care - 9302,ORG,Department,AHS,TX,ETX,UTJ 5530,Quality,Case Management Acute Care - 9302,,,,,,,,,,,,,,,,,,,,,Ardent,Texas Division,East Texas,UT Health Jacksonville,Quality,Case Management Acute Care - 9302,,,,,,,,,,,,,,,,,,,,,,
3517,Infection Control - 9301,Infection Control - 9301,Infection Control - 9301,1900-01-01,3000-01-01,4,Unit,AHS/AMER/NM/LWH 5070/Quality/Infection Control - 9301,ORG,Department,AHS,AMER,NM,LWH 5070,Quality,Infection Control - 9301,,,,,,,,,,,,,,,,,,,,,Ardent,Americas Division,New Mexico,Lovelace Women’s Hospital,Quality,Infection Control - 9301,,,,,,,,,,,,,,,,,,,,,,
3819,Adult Psychiatric Unit A - 2052,Adult Psychiatric Unit A - 2052,Adult Psychiatric Unit A - 2052,1900-01-01,3000-01-01,4,Unit,AHS/AMER/ID/PORT 5400/Behavior Health/Adult Psychiatric Unit A - 2052,ORG,Department,AHS,AMER,ID,PORT 5400,Behavior Health,Adult Psychiatric Unit A - 2052,,,,,,,,,,,,,,,,,,,,,Ardent,Americas Division,Idaho,Portneuf Medical Center,Behavior Health,Adult Psychiatric Unit A - 2052,,,,,,,,,,,,,,,,,,,,,,
3965,MONTEMURRO DANIELLA MD - 3839,MONTEMURRO DANIELLA MD - 3839,MONTEMURRO DANIELLA MD - 3839,1900-01-01,3000-01-01,4,Unit,AHS/AMER/NJ/NJMD 5437/Medical/MONTEMURRO DANIELLA MD - 3839,ORG,Department,AHS,AMER,NJ,NJMD 5437,Medical,MONTEMURRO DANIELLA MD - 3839,,,,,,,,,,,,,,,,,,,,,Ardent,Americas Division,New Jersery,NJ MD Services - Phy,Medical,MONTEMURRO DANIELLA MD - 3839,,,,,,,,,,,,,,,,,,,,,,
4037,HOGGARD HELEN APRN-CNP - 4341,HOGGARD HELEN APRN-CNP - 4341,HOGGARD HELEN APRN-CNP - 4341,1900-01-01,3000-01-01,4,Unit,AHS/OK/OK/UPC 5251/Medical/HOGGARD HELEN APRN-CNP - 4341,ORG,Department,AHS,OK,OK,UPC 5251,Medical,HOGGARD HELEN APRN-CNP - 4341,,,,,,,,,,,,,,,,,,,,,Ardent,Oklahoma Division,Oklahoma,Utica Park Clinic,Medical,HOGGARD HELEN APRN-CNP - 4341,,,,,,,,,,,,,,,,,,,,,,
4153,RN,RN,RN,1900-01-01,3000-01-01,-1,Job,AHS/AMER/NM/LMC 5050/Behavior Health/Adult Psychiatric Unit A - 2052/RN,ORG,,AHS,AMER,NM,LMC 5050,Behavior Health,Adult Psychiatric Unit A - 2052,,RN,,,,,,,,,,,,,,,,,,,Ardent,Americas Division,New Mexico,Lovelace Medical Center,Behavior Health,Adult Psychiatric Unit A - 2052,,RN,,,,,,,,,,,,,,,,,,,,
4167,COORD,COORD,COORD,1900-01-01,3000-01-01,-1,Job,AHS/TX/ETX/UTR 5505/Rehab/Rehab Clinic Administration - 7280/COORD,ORG,,AHS,TX,ETX,UTR 5505,Rehab,Rehab Clinic Administration - 7280,,COORD,,,,,,,,,,,,,,,,,,,Ardent,Texas Division,East Texas,UT Health Rehabilitation Hospital,Rehab,Rehab Clinic Administration - 7280,,COORD,,,,,,,,,,,,,,,,,,,,
4220,MGR,MGR,MGR,1900-01-01,3000-01-01,-1,Job,AHS/AMER/TX/SHH 5410/CC/Intensive Care Unit - 1004/MGR,ORG,,AHS,AMER,TX,SHH 5410,CC,Intensive Care Unit - 1004,,MGR,,,,,,,,,,,,,,,,,,,Ardent,Americas Division,Texas,Seton Medical Center Harker Heights,Critical Care,Intensive Care Unit - 1004,,MGR,,,,,,,,,,,,,,,,,,,,
4242,DIR,DIR,DIR,1900-01-01,3000-01-01,-1,Job,AHS/TX/ETX/UTPHY 5550/Cardiac/Cardiac Catheterization Lab B - 5017/DIR,ORG,,AHS,TX,ETX,UTPHY 5550,Cardiac,Cardiac Catheterization Lab B - 5017,,DIR,,,,,,,,,,,,,,,,,,,Ardent,Texas Division,East Texas,UTHET Physician Group,Cardiac Services,Cardiac Catheterization Lab B - 5017,,DIR,,,,,,,,,,,,,,,,,,,,
4273,REP PAT SVC,REP PAT SVC,REP PAT SVC,1900-01-01,3000-01-01,-1,Job,AHS/AMER/NM/LWH 5070/OPS/Admitting - ER-OP Registration - 9210/REP PAT SVC,ORG,,AHS,AMER,NM,LWH 5070,OPS,Admitting - ER-OP Registration - 9210,,REP PAT SVC,,,,,,,,,,,,,,,,,,,Ardent,Americas Division,New Mexico,Lovelace Women’s Hospital,Operations,Admitting - ER-OP Registration - 9210,,REP PAT SVC,,,,,,,,,,,,,,,,,,,,
4523,OT,OT,OT,1900-01-01,3000-01-01,-1,Job,AHS/AMER/NM/LRH 5060/Clinic/OP Therapy Clinic-Rio Rancho - 5141/OT,ORG,,AHS,AMER,NM,LRH 5060,Clinic,OP Therapy Clinic-Rio Rancho - 5141,,OT,,,,,,,,,,,,,,,,,,,Ardent,Americas Division,New Mexico,Lovelace UNM Rehabilitation Hospital,Clinic,OP Therapy Clinic-Rio Rancho - 5141,,OT,,,,,,,,,,,,,,,,,,,,
4548,LPN,LPN,LPN,1900-01-01,3000-01-01,-1,Job,AHS/AMER/NM/LMC 5050/ES/Emergency Room A - 5058/LPN,ORG,,AHS,AMER,NM,LMC 5050,ES,Emergency Room A - 5058,,LPN,,,,,,,,,,,,,,,,,,,Ardent,Americas Division,New Mexico,Lovelace Medical Center,Emergency Services,Emergency Room A - 5058,,LPN,,,,,,,,,,,,,,,,,,,,
4825,SUP,SUP,SUP,1900-01-01,3000-01-01,-1,Job,AHS/AMER/TX/BSA 5300/Rad/Radiology - Spec Procedure - 5164/SUP,ORG,,AHS,AMER,TX,BSA 5300,Rad,Radiology - Spec Procedure - 5164,,SUP,,,,,,,,,,,,,,,,,,,Ardent,Americas Division,Texas,BSA Hospital,Radiology,Radiology - Spec Procedure - 5164,,SUP,,,,,,,,,,,,,,,,,,,,
4866,RN,RN,RN,1900-01-01,3000-01-01,-1,Job,AHS/OK/OK/CLAR 5270/Surg Svc/Surgery - 5198/RN,ORG,,AHS,OK,OK,CLAR 5270,Surg Svc,Surgery - 5198,,RN,,,,,,,,,,,,,,,,,,,Ardent,Oklahoma Division,Oklahoma,Hillcrest Hospital Claremore,Surgical Services,Surgery - 5198,,RN,,,,,,,,,,,,,,,,,,,,
4936,NE,NE,NE,1900-01-01,3000-01-01,-1,Job,AHS/AMER/NM/LWH 5070/WC/Newborn Nursery Unit B - 1310/NE,ORG,,AHS,AMER,NM,LWH 5070,WC,Newborn Nursery Unit B - 1310,,NE,,,,,,,,,,,,,,,,,,,Ardent,Americas Division,New Mexico,Lovelace Women’s Hospital,Womens And Childrens,Newborn Nursery Unit B - 1310,,NE,,,,,,,,,,,,,,,,,,,,
4958,DIR,DIR,DIR,1900-01-01,3000-01-01,-1,Job,AHS/OK/OK/CLAR 5270/Pharm/Pharmacy - 5134/DIR,ORG,,AHS,OK,OK,CLAR 5270,Pharm,Pharmacy - 5134,,DIR,,,,,,,,,,,,,,,,,,,Ardent,Oklahoma Division,Oklahoma,Hillcrest Hospital Claremore,Pharmacy,Pharmacy - 5134,,DIR,,,,,,,,,,,,,,,,,,,,
4974,RN PD,RN PD,RN PD,1900-01-01,3000-01-01,-1,Job,AHS/AMER/NM/LWSH 5055/CC/Intensive Care Unit - 1004/RN PD,ORG,,AHS,AMER,NM,LWSH 5055,CC,Intensive Care Unit - 1004,,RN PD,,,,,,,,,,,,,,,,,,,Ardent,Americas Division,New Mexico,Lovelace Westside Hospital,Critical Care,Intensive Care Unit - 1004,,RN PD,,,,,,,,,,,,,,,,,,,,
5114,LEAD,Lead,Lead,1900-01-01,3000-01-01,-1,Job,AHS/TX/ETX/ETHS 5501/IT/IT Network - Infrastructure - 9507/LEAD,ORG,,AHS,TX,ETX,ETHS 5501,IT,IT Network - Infrastructure - 9507,,LEAD,,,,,,,,,,,,,,,,,,,Ardent,Texas Division,East Texas,East Texas Health System,IT,IT Network - Infrastructure - 9507,,Lead,,,,,,,,,,,,,,,,,,,,
5414,NP,NP,NP,1900-01-01,3000-01-01,-1,Job,AHS/AMER/KS/STF 5480/Clinic/Occupational Medicine - 5508/NP,ORG,,AHS,AMER,KS,STF 5480,Clinic,Occupational Medicine - 5508,,NP,,,,,,,,,,,,,,,,,,,Ardent,Americas Division,Kansas,The University of Kansas Health System St. Francis Campus,Clinic,Occupational Medicine - 5508,,NP,,,,,,,,,,,,,,,,,,,,
5428,RN,RN,RN,1900-01-01,3000-01-01,-1,Job,AHS/AMER/ID/PORT 5400/WC/Labor and Delivery - 5092/RN,ORG,,AHS,AMER,ID,PORT 5400,WC,Labor and Delivery - 5092,,RN,,,,,,,,,,,,,,,,,,,Ardent,Americas Division,Idaho,Portneuf Medical Center,Womens And Childrens,Labor and Delivery - 5092,,RN,,,,,,,,,,,,,,,,,,,,
5630,CLCRD,CLCRD,CLCRD,1900-01-01,3000-01-01,-1,Job,AHS/OK/OK/UPC 5251/Clinic/CPC+ GEARHART - 4622/CLCRD,ORG,,AHS,OK,OK,UPC 5251,Clinic,CPC+ GEARHART - 4622,,CLCRD,,,,,,,,,,,,,,,,,,,Ardent,Oklahoma Division,Oklahoma,Utica Park Clinic,Clinic,CPC+ GEARHART - 4622,,CLCRD,,,,,,,,,,,,,,,,,,,,
5659,OT,OT,OT,1900-01-01,3000-01-01,-1,Job,AHS/AMER/TX/SHH 5410/Clinic/Occupational Therapy A - 5117/OT,ORG,,AHS,AMER,TX,SHH 5410,Clinic,Occupational Therapy A - 5117,,OT,,,,,,,,,,,,,,,,,,,Ardent,Americas Division,Texas,Seton Medical Center Harker Heights,Clinic,Occupational Therapy A - 5117,,OT,,,,,,,,,,,,,,,,,,,,
5668,COTA,COTA,COTA,1900-01-01,3000-01-01,-1,Job,AHS/AMER/TX/BSA 5300/Clinic/Occupational Therapy A - 5117/COTA,ORG,,AHS,AMER,TX,BSA 5300,Clinic,Occupational Therapy A - 5117,,COTA,,,,,,,,,,,,,,,,,,,Ardent,Americas Division,Texas,BSA Hospital,Clinic,Occupational Therapy A - 5117,,COTA,,,,,,,,,,,,,,,,,,,,
5765,NP,NP,NP,1900-01-01,3000-01-01,-1,Job,AHS/OK/OK/OPG 5254/Medical/STEVENS KYNDAL APRN - 4607/NP,ORG,,AHS,OK,OK,OPG 5254,Medical,STEVENS KYNDAL APRN - 4607,,NP,,,,,,,,,,,,,,,,,,,Ardent,Oklahoma Division,Oklahoma,OK Physician Group - ML,Medical,STEVENS KYNDAL APRN - 4607,,NP,,,,,,,,,,,,,,,,,,,,
5794,HR,HR,HR,1900-01-01,3000-01-01,-1,Job,AHS/TX/ETX/UTP 5535/OPS/Human Resources - 9258/HR,ORG,,AHS,TX,ETX,UTP 5535,OPS,Human Resources - 9258,,HR,,,,,,,,,,,,,,,,,,,Ardent,Texas Division,East Texas,UT Health Pittsburg,Operations,Human Resources - 9258,,HR,,,,,,,,,,,,,,,,,,,,
5828,THRP-RAD,THRP-RAD,THRP-RAD,1900-01-01,3000-01-01,-1,Job,AHS/AMER/NM/LMC 5050/Oncology/Satellite Oncology - 5183/THRP-RAD,ORG,,AHS,AMER,NM,LMC 5050,Oncology,Satellite Oncology - 5183,,THRP-RAD,,,,,,,,,,,,,,,,,,,Ardent,Americas Division,New Mexico,Lovelace Medical Center,Oncology,Satellite Oncology - 5183,,THRP-RAD,,,,,,,,,,,,,,,,,,,,
5906,PCT,PCT,PCT,1900-01-01,3000-01-01,-1,Job,AHS/OK/OK/HMC 5200/Surg Svc/Recovery Room A - 5166/PCT,ORG,,AHS,OK,OK,HMC 5200,Surg Svc,Recovery Room A - 5166,,PCT,,,,,,,,,,,,,,,,,,,Ardent,Oklahoma Division,Oklahoma,Hillcrest Medical Center,Surgical Services,Recovery Room A - 5166,,PCT,,,,,,,,,,,,,,,,,,,,
6122,MGR,MGR,MGR,1900-01-01,3000-01-01,-1,Job,AHS/AMER/NM/LHS 1500/OPS/Accounts Payable - 9204/MGR,ORG,,AHS,AMER,NM,LHS 1500,OPS,Accounts Payable - 9204,,MGR,,,,,,,,,,,,,,,,,,,Ardent,Americas Division,New Mexico,Lovelace Health System,Operations,Accounts Payable - 9204,,MGR,,,,,,,,,,,,,,,,,,,,
6253,Physician,Physician,Physician,1900-01-01,3000-01-01,-1,Job,AHS/AMER/ID/PORT 5406/Medical/WENDLING JACOB DO - 3452/Physician,ORG,,AHS,AMER,ID,PORT 5406,Medical,WENDLING JACOB DO - 3452,,Physician,,,,,,,,,,,,,,,,,,,Ardent,Americas Division,Idaho,PMC Physicians - PHY,Medical,WENDLING JACOB DO - 3452,,Physician,,,,,,,,,,,,,,,,,,,,
6310,MGR,MGR,MGR,1900-01-01,3000-01-01,-1,Job,AHS/TX/ETX/UTP 5535/OPS/Central Supply - 5026/MGR,ORG,,AHS,TX,ETX,UTP 5535,OPS,Central Supply - 5026,,MGR,,,,,,,,,,,,,,,,,,,Ardent,Texas Division,East Texas,UT Health Pittsburg,Operations,Central Supply - 5026,,MGR,,,,,,,,,,,,,,,,,,,,
6422,Assistant,Assistant,Assistant,1900-01-01,3000-01-01,-1,Job,AHS/AMER/TX/BSA 5300/Surg Svc/Surgery - 5198/Assistant,ORG,,AHS,AMER,TX,BSA 5300,Surg Svc,Surgery - 5198,,Assistant,,,,,,,,,,,,,,,,,,,Ardent,Americas Division,Texas,BSA Hospital,Surgical Services,Surgery - 5198,,Assistant,,,,,,,,,,,,,,,,,,,,
6530,SUP,SUP,SUP,1900-01-01,3000-01-01,-1,Job,AHS/AMER/NM/LHS 1500/Admin/One Call - 9233/SUP,ORG,,AHS,AMER,NM,LHS 1500,Admin,One Call - 9233,,SUP,,,,,,,,,,,,,,,,,,,Ardent,Americas Division,New Mexico,Lovelace Health System,Administration,One Call - 9233,,SUP,,,,,,,,,,,,,,,,,,,,
6758,CMA,CMA,CMA,1900-01-01,3000-01-01,-1,Job,AHS/OK/OK/UPC 5251/Medical/ARNETT ERIC APRN-CNP - 4390/CMA,ORG,,AHS,OK,OK,UPC 5251,Medical,ARNETT ERIC APRN-CNP - 4390,,CMA,,,,,,,,,,,,,,,,,,,Ardent,Oklahoma Division,Oklahoma,Utica Park Clinic,Medical,ARNETT ERIC APRN-CNP - 4390,,CMA,,,,,,,,,,,,,,,,,,,,
6788,PA,PA,PA,1900-01-01,3000-01-01,-1,Job,AHS/AMER/ID/PORT 5408/Medical/SMETANKA RACHEL PA-C - 3500/PA,ORG,,AHS,AMER,ID,PORT 5408,Medical,SMETANKA RACHEL PA-C - 3500,,PA,,,,,,,,,,,,,,,,,,,Ardent,Americas Division,Idaho,PMC Physicians - ML,Medical,SMETANKA RACHEL PA-C - 3500,,PA,,,,,,,,,,,,,,,,,,,,
6854,Physician,Physician,Physician,1900-01-01,3000-01-01,-1,Job,AHS/OK/OK/OPG 5253/Medical/RING DAVID DO - RHC - 4235/Physician,ORG,,AHS,OK,OK,OPG 5253,Medical,RING DAVID DO - RHC - 4235,,Physician,,,,,,,,,,,,,,,,,,,Ardent,Oklahoma Division,Oklahoma,OK Physician Group - PHY,Medical,RING DAVID DO - RHC - 4235,,Physician,,,,,,,,,,,,,,,,,,,,
7160,CMA,CMA,CMA,1900-01-01,3000-01-01,-1,Job,AHS/OK/OK/UPC 5251/Medical/HUNT JEFFREY DO - 4398/CMA,ORG,,AHS,OK,OK,UPC 5251,Medical,HUNT JEFFREY DO - 4398,,CMA,,,,,,,,,,,,,,,,,,,Ardent,Oklahoma Division,Oklahoma,Utica Park Clinic,Medical,HUNT JEFFREY DO - 4398,,CMA,,,,,,,,,,,,,,,,,,,,
7287,COORD,COORD,COORD,1900-01-01,3000-01-01,-1,Job,AHS/AMER/NJ/MSH 5430/Medical/Family Practice Residents - 3895/COORD,ORG,,AHS,AMER,NJ,MSH 5430,Medical,Family Practice Residents - 3895,,COORD,,,,,,,,,,,,,,,,,,,Ardent,Americas Division,New Jersery,Hackensack Meridian Health Mountainside,Medical,Family Practice Residents - 3895,,COORD,,,,,,,,,,,,,,,,,,,,
7364,MGR,MGR,MGR,1900-01-01,3000-01-01,-1,Job,AHS/AMER/TX/BSA 5300/Pharm/Pharmacy - 5134/MGR,ORG,,AHS,AMER,TX,BSA 5300,Pharm,Pharmacy - 5134,,MGR,,,,,,,,,,,,,,,,,,,Ardent,Americas Division,Texas,BSA Hospital,Pharmacy,Pharmacy - 5134,,MGR,,,,,,,,,,,,,,,,,,,,
7595,ICP,ICP,ICP,1900-01-01,3000-01-01,-1,Job,AHS/AMER/NM/LWSH 5055/Quality/Quality - Patient Safety - 9294/ICP,ORG,,AHS,AMER,NM,LWSH 5055,Quality,Quality - Patient Safety - 9294,,ICP,,,,,,,,,,,,,,,,,,,Ardent,Americas Division,New Mexico,Lovelace Westside Hospital,Quality,Quality - Patient Safety - 9294,,ICP,,,,,,,,,,,,,,,,,,,,
7711,LPN,LPN,LPN,1900-01-01,3000-01-01,-1,Job,AHS/AMER/ID/PORT 5405/Medical/PMG-SPECIALIZED FAMILY MED - 8451/LPN,ORG,,AHS,AMER,ID,PORT 5405,Medical,PMG-SPECIALIZED FAMILY MED - 8451,,LPN,,,,,,,,,,,,,,,,,,,Ardent,Americas Division,Idaho,PMC Physicians - Staff,Medical,PMG-SPECIALIZED FAMILY MED - 8451,,LPN,,,,,,,,,,,,,,,,,,,,
7776,TECH-SP,TECH-SP,TECH-SP,1900-01-01,3000-01-01,-1,Job,AHS/TX/ETX/UTH 5525/Surg Svc/Surgery - 5198/TECH-SP,ORG,,AHS,TX,ETX,UTH 5525,Surg Svc,Surgery - 5198,,TECH-SP,,,,,,,,,,,,,,,,,,,Ardent,Texas Division,East Texas,UT Health Henderson,Surgical Services,Surgery - 5198,,TECH-SP,,,,,,,,,,,,,,,,,,,,
7825,TECH,TECH,TECH,1900-01-01,3000-01-01,-1,Job,AHS/AMER/NM/LRH 5060/Clinic/Physical Therapy - OP Downtown - 5140/TECH,ORG,,AHS,AMER,NM,LRH 5060,Clinic,Physical Therapy - OP Downtown - 5140,,TECH,,,,,,,,,,,,,,,,,,,Ardent,Americas Division,New Mexico,Lovelace UNM Rehabilitation Hospital,Clinic,Physical Therapy - OP Downtown - 5140,,TECH,,,,,,,,,,,,,,,,,,,,
7903,SW,SW,SW,1900-01-01,3000-01-01,-1,Job,AHS/OK/OK/UPC 5251/Clinic/POPULATION HEALTH MANAGEMENT - 4300/SW,ORG,,AHS,OK,OK,UPC 5251,Clinic,POPULATION HEALTH MANAGEMENT - 4300,,SW,,,,,,,,,,,,,,,,,,,Ardent,Oklahoma Division,Oklahoma,Utica Park Clinic,Clinic,POPULATION HEALTH MANAGEMENT - 4300,,SW,,,,,,,,,,,,,,,,,,,,
7956,TECH-CT,TECH-CT,TECH-CT,1900-01-01,3000-01-01,-1,Job,AHS/AMER/NM/LWH 5070/Rad/Cat Scan A - 5024/TECH-CT,ORG,,AHS,AMER,NM,LWH 5070,Rad,Cat Scan A - 5024,,TECH-CT,,,,,,,,,,,,,,,,,,,Ardent,Americas Division,New Mexico,Lovelace Women’s Hospital,Radiology,Cat Scan A - 5024,,TECH-CT,,,,,,,,,,,,,,,,,,,,
7985,COORD,COORD,COORD,1900-01-01,3000-01-01,-1,Job,AHS/AMER/NJ/MSH 5430/Ancillary/Bariatric Medicine - 3870/COORD,ORG,,AHS,AMER,NJ,MSH 5430,Ancillary,Bariatric Medicine - 3870,,COORD,,,,,,,,,,,,,,,,,,,Ardent,Americas Division,New Jersery,Hackensack Meridian Health Mountainside,Ancillary,Bariatric Medicine - 3870,,COORD,,,,,,,,,,,,,,,,,,,,
7992,Physician,Physician,Physician,1900-01-01,3000-01-01,-1,Job,AHS/AMER/ID/PORT 5406/Medical/FORT PETER MD - 3833/Physician,ORG,,AHS,AMER,ID,PORT 5406,Medical,FORT PETER MD - 3833,,Physician,,,,,,,,,,,,,,,,,,,Ardent,Americas Division,Idaho,PMC Physicians - PHY,Medical,FORT PETER MD - 3833,,Physician,,,,,,,,,,,,,,,,,,,,
8225,Midwife,Midwife,Midwife,1900-01-01,3000-01-01,-1,Job,AHS/AMER/NM/LWH 5072/Medical/DWORKIN REBECCA CNM - 4022/Midwife,ORG,,AHS,AMER,NM,LWH 5072,Medical,DWORKIN REBECCA CNM - 4022,,Midwife,,,,,,,,,,,,,,,,,,,Ardent,Americas Division,New Mexico,Lovelace Women’s Hospital - ML,Medical,DWORKIN REBECCA CNM - 4022,,Midwife,,,,,,,,,,,,,,,,,,,,
8318,NP,NP,NP,1900-01-01,3000-01-01,-1,Job,AHS/AMER/KS/STF 5487/Medical/THOMPSON NICOLE APRN - 5602/NP,ORG,,AHS,AMER,KS,STF 5487,Medical,THOMPSON NICOLE APRN - 5602,,NP,,,,,,,,,,,,,,,,,,,Ardent,Americas Division,Kansas,Topeka Physician Group - ML,Medical,THOMPSON NICOLE APRN - 5602,,NP,,,,,,,,,,,,,,,,,,,,
8343,Physician,Physician,Physician,1900-01-01,3000-01-01,-1,Job,AHS/OK/OK/OPG 5253/Medical/WILLIAMS JEFFREY DO - 4118/Physician,ORG,,AHS,OK,OK,OPG 5253,Medical,WILLIAMS JEFFREY DO - 4118,,Physician,,,,,,,,,,,,,,,,,,,Ardent,Oklahoma Division,Oklahoma,OK Physician Group - PHY,Medical,WILLIAMS JEFFREY DO - 4118,,Physician,,,,,,,,,,,,,,,,,,,,
8404,COORD,COORD,COORD,1900-01-01,3000-01-01,-1,Job,AHS/OK/OK/SOUTH 5265/Rad/Radiology A - 5160/COORD,ORG,,AHS,OK,OK,SOUTH 5265,Rad,Radiology A - 5160,,COORD,,,,,,,,,,,,,,,,,,,Ardent,Oklahoma Division,Oklahoma,Hillcrest Hospital South,Radiology,Radiology A - 5160,,COORD,,,,,,,,,,,,,,,,,,,,
8677,RN,RN,RN,1900-01-01,3000-01-01,-1,Job,AHS/OK/OK/BMC 5260/ES/Emergency Room A - 5058/RN,ORG,,AHS,OK,OK,BMC 5260,ES,Emergency Room A - 5058,,RN,,,,,,,,,,,,,,,,,,,Ardent,Oklahoma Division,Oklahoma,Bailey Medical Center,Emergency Services,Emergency Room A - 5058,,RN,,,,,,,,,,,,,,,,,,,,
8906,Physician,Physician,Physician,1900-01-01,3000-01-01,-1,Job,AHS/OK/OK/OHI 5202/Medical/TULLOCH JOHN S MD - 4598/Physician,ORG,,AHS,OK,OK,OHI 5202,Medical,TULLOCH JOHN S MD - 4598,,Physician,,,,,,,,,,,,,,,,,,,Ardent,Oklahoma Division,Oklahoma,Oklahoma Heart Institute - PHY,Medical,TULLOCH JOHN S MD - 4598,,Physician,,,,,,,,,,,,,,,,,,,,
9020,CMA,CMA,CMA,1900-01-01,3000-01-01,-1,Job,AHS/OK/OK/UPC 5251/Medical/ALLOCATED - 21ST STREET - 8152/CMA,ORG,,AHS,OK,OK,UPC 5251,Medical,ALLOCATED - 21ST STREET - 8152,,CMA,,,,,,,,,,,,,,,,,,,Ardent,Oklahoma Division,Oklahoma,Utica Park Clinic,Medical,ALLOCATED - 21ST STREET - 8152,,CMA,,,,,,,,,,,,,,,,,,,,
9095,DIR,DIR,DIR,1900-01-01,3000-01-01,-1,Job,AHS/OK/OK/HMC 5200/NA/Nursing Administration - 9276/DIR,ORG,,AHS,OK,OK,HMC 5200,NA,Nursing Administration - 9276,,DIR,,,,,,,,,,,,,,,,,,,Ardent,Oklahoma Division,Oklahoma,Hillcrest Medical Center,Nursing Admin,Nursing Administration - 9276,,DIR,,,,,,,,,,,,,,,,,,,,
9109,CMA,CMA,CMA,1900-01-01,3000-01-01,-1,Job,AHS/AMER/KS/STF 5485/Medical/TOPEKA OBGYN - 5520/CMA,ORG,,AHS,AMER,KS,STF 5485,Medical,TOPEKA OBGYN - 5520,,CMA,,,,,,,,,,,,,,,,,,,Ardent,Americas Division,Kansas,Topeka Physician Group - Staff,Medical,TOPEKA OBGYN - 5520,,CMA,,,,,,,,,,,,,,,,,,,,
9141,TECH,TECH,TECH,1900-01-01,3000-01-01,-1,Job,AHS/AMER/NM/LWSH 5055/Clinic/Physical Therapy - Outpatient - 5140/TECH,ORG,,AHS,AMER,NM,LWSH 5055,Clinic,Physical Therapy - Outpatient - 5140,,TECH,,,,,,,,,,,,,,,,,,,Ardent,Americas Division,New Mexico,Lovelace Westside Hospital,Clinic,Physical Therapy - Outpatient - 5140,,TECH,,,,,,,,,,,,,,,,,,,,
9148,AVP,AVP,AVP,1900-01-01,3000-01-01,-1,Job,AHS/AMER/NJ/MSH 5430/Med-Surg/Oncology Unit - 1366/AVP,ORG,,AHS,AMER,NJ,MSH 5430,Med-Surg,Oncology Unit - 1366,,AVP,,,,,,,,,,,,,,,,,,,Ardent,Americas Division,New Jersery,Hackensack Meridian Health Mountainside,Medical-Surgical,Oncology Unit - 1366,,AVP,,,,,,,,,,,,,,,,,,,,
9155,MGR,MGR,MGR,1900-01-01,3000-01-01,-1,Job,AHS/TX/ETX/ETHS 5501/OPS/Accounting - 9202/MGR,ORG,,AHS,TX,ETX,ETHS 5501,OPS,Accounting - 9202,,MGR,,,,,,,,,,,,,,,,,,,Ardent,Texas Division,East Texas,East Texas Health System,Operations,Accounting - 9202,,MGR,,,,,,,,,,,,,,,,,,,,
9324,PCT,PCT,PCT,1900-01-01,3000-01-01,-1,Job,AHS/OK/OK/HMC 5200/IC/Intermediate Care - Stepdown - 1006/PCT,ORG,,AHS,OK,OK,HMC 5200,IC,Intermediate Care - Stepdown - 1006,,PCT,,,,,,,,,,,,,,,,,,,Ardent,Oklahoma Division,Oklahoma,Hillcrest Medical Center,Intermediate Care,Intermediate Care - Stepdown - 1006,,PCT,,,,,,,,,,,,,,,,,,,,
9350,SPEC,SPEC,SPEC,1900-01-01,3000-01-01,-1,Job,AHS/TX/ETX/UTPHY 5550/Medical/PEDIATRIC CLINIC - 7719/SPEC,ORG,,AHS,TX,ETX,UTPHY 5550,Medical,PEDIATRIC CLINIC - 7719,,SPEC,,,,,,,,,,,,,,,,,,,Ardent,Texas Division,East Texas,UTHET Physician Group,Medical,PEDIATRIC CLINIC - 7719,,SPEC,,,,,,,,,,,,,,,,,,,,
9441,RN,RN,RN,1900-01-01,3000-01-01,-1,Job,AHS/AMER/NJ/MSH 5430/Rad/Cat Scan A - 5024/RN,ORG,,AHS,AMER,NJ,MSH 5430,Rad,Cat Scan A - 5024,,RN,,,,,,,,,,,,,,,,,,,Ardent,Americas Division,New Jersery,Hackensack Meridian Health Mountainside,Radiology,Cat Scan A - 5024,,RN,,,,,,,,,,,,,,,,,,,,
9571,Assistant,Assistant,Assistant,1900-01-01,3000-01-01,-1,Job,AHS/OK/OK/SOUTH 5265/Surg Svc/Surgery - 5198/Assistant,ORG,,AHS,OK,OK,SOUTH 5265,Surg Svc,Surgery - 5198,,Assistant,,,,,,,,,,,,,,,,,,,Ardent,Oklahoma Division,Oklahoma,Hillcrest Hospital South,Surgical Services,Surgery - 5198,,Assistant,,,,,,,,,,,,,,,,,,,,
9805,COORD,COORD,COORD,1900-01-01,3000-01-01,-1,Job,AHS/TX/ETX/UTT 5500/Quality/Quality - Patient Safety - 9294/COORD,ORG,,AHS,TX,ETX,UTT 5500,Quality,Quality - Patient Safety - 9294,,COORD,,,,,,,,,,,,,,,,,,,Ardent,Texas Division,East Texas,UT Health Tyler,Quality,Quality - Patient Safety - 9294,,COORD,,,,,,,,,,,,,,,,,,,,
9895,Clerk,Clerk,Clerk,1900-01-01,3000-01-01,-1,Job,AHS/AMER/TX/BSAHS 1301/OPS/Accounting - 9202/Clerk,ORG,,AHS,AMER,TX,BSAHS 1301,OPS,Accounting - 9202,,Clerk,,,,,,,,,,,,,,,,,,,Ardent,Americas Division,Texas,BSA Health System,Operations,Accounting - 9202,,Clerk,,,,,,,,,,,,,,,,,,,,
9995,COORD,COORD,COORD,1900-01-01,3000-01-01,-1,Job,AHS/AMER/NM/LMC 5050/NA/Nursing Administration - 9276/COORD,ORG,,AHS,AMER,NM,LMC 5050,NA,Nursing Administration - 9276,,COORD,,,,,,,,,,,,,,,,,,,Ardent,Americas Division,New Mexico,Lovelace Medical Center,Nursing Admin,Nursing Administration - 9276,,COORD,,,,,,,,,,,,,,,,,,,,
9998,CHG,CHG,CHG,1900-01-01,3000-01-01,-1,Job,AHS/OK/OK/CUSH 5210/Med-Surg/MedSurg - Hospital Defined - 1102/CHG,ORG,,AHS,OK,OK,CUSH 5210,Med-Surg,MedSurg - Hospital Defined - 1102,,CHG,,,,,,,,,,,,,,,,,,,Ardent,Oklahoma Division,Oklahoma,Hillcrest Hospital Cushing,Medical-Surgical,MedSurg - Hospital Defined - 1102,,CHG,,,,,,,,,,,,,,,,,,,,
10167,SUP,SUP,SUP,1900-01-01,3000-01-01,-1,Job,AHS/AMER/NM/LWH 5070/SS/Maintenance - 9020/SUP,ORG,,AHS,AMER,NM,LWH 5070,SS,Maintenance - 9020,,SUP,,,,,,,,,,,,,,,,,,,Ardent,Americas Division,New Mexico,Lovelace Women’s Hospital,Support Services,Maintenance - 9020,,SUP,,,,,,,,,,,,,,,,,,,,
10275,PD RN,PD RN,PD RN,1900-01-01,3000-01-01,-1,Job,AHS/AMER/NJ/MSH 5430/Med-Surg/MedSurg - Floor 5W - 1114/PD RN,ORG,,AHS,AMER,NJ,MSH 5430,Med-Surg,MedSurg - Floor 5W - 1114,,PD RN,,,,,,,,,,,,,,,,,,,Ardent,Americas Division,New Jersery,Hackensack Meridian Health Mountainside,Medical-Surgical,MedSurg - Floor 5W - 1114,,PD RN,,,,,,,,,,,,,,,,,,,,
10357,SUP,SUP,SUP,1900-01-01,3000-01-01,-1,Job,AHS/AMER/NM/LMC 5050/Med-Surg/Surgery Unit-Hospital Specific - 5202/SUP,ORG,,AHS,AMER,NM,LMC 5050,Med-Surg,Surgery Unit-Hospital Specific - 5202,,SUP,,,,,,,,,,,,,,,,,,,Ardent,Americas Division,New Mexico,Lovelace Medical Center,Medical-Surgical,Surgery Unit-Hospital Specific - 5202,,SUP,,,,,,,,,,,,,,,,,,,,
10445,DEV,DEV,DEV,1900-01-01,3000-01-01,-1,Job,AHS/CORP/CORP/CORP 1020/OPS/Marketing - 0129/DEV,ORG,,AHS,CORP,CORP,CORP 1020,OPS,Marketing - 0129,,DEV,,,,,,,,,,,,,,,,,,,Ardent,Corporate,Corporate,Corporate,Operations,Marketing - 0129,,DEV,,,,,,,,,,,,,,,,,,,,
10452,TECH-RAD,TECH-RAD,TECH-RAD,1900-01-01,3000-01-01,-1,Job,AHS/AMER/TX/SHH 5410/Rad/Radiology A - 5160/TECH-RAD,ORG,,AHS,AMER,TX,SHH 5410,Rad,Radiology A - 5160,,TECH-RAD,,,,,,,,,,,,,,,,,,,Ardent,Americas Division,Texas,Seton Medical Center Harker Heights,Radiology,Radiology A - 5160,,TECH-RAD,,,,,,,,,,,,,,,,,,,,
10468,CMA,CMA,CMA,1900-01-01,3000-01-01,-1,Job,AHS/TX/ETX/UTT 5500/Medical/GASTROENTEROLGY HOPD CLINIC - 7802/CMA,ORG,,AHS,TX,ETX,UTT 5500,Medical,GASTROENTEROLGY HOPD CLINIC - 7802,,CMA,,,,,,,,,,,,,,,,,,,Ardent,Texas Division,East Texas,UT Health Tyler,Medical,GASTROENTEROLGY HOPD CLINIC - 7802,,CMA,,,,,,,,,,,,,,,,,,,,
10664,TECH,TECH,TECH,1900-01-01,3000-01-01,-1,Job,AHS/OK/OK/HHS 1600/IT/IT Network - Infrastructure - 9507/TECH,ORG,,AHS,OK,OK,HHS 1600,IT,IT Network - Infrastructure - 9507,,TECH,,,,,,,,,,,,,,,,,,,Ardent,Oklahoma Division,Oklahoma,Hillcrest Health System,IT,IT Network - Infrastructure - 9507,,TECH,,,,,,,,,,,,,,,,,,,,
